2009,Executive Editor
2009,Los Alamos Laboratory and Santa Fe Institute
2009,"Institute for Software Research, Carnegie Mellon University","Institute for Software Research, Carnegie Mellon University","Institute for Software Research, Carnegie Mellon University"
2009,"Department of Psychology, New York University","Psychological and Brain Sciences, Indiana University"
2009,"Department of Science, Technology and Society, University of Virginia"
2009,"Scientific Reasoning Research Institute and School of Education, University of Massachusetts, Amherst"
2009,Naval Research Laboratory,Naval Research Laboratory,University of Pittsburgh
2009,"School of Interactive Computing, Georgia Institute of Technology"
2009,"Department of Psychology, Bowling Green State University"
2009,Executive Editor
2009,"Indiana University, Bloomington",New York University
2009,"Department of Sociology and Office of Population Research, Princeton University","Yahoo! Research, New York"
2009,"ETH Zurich, Swiss Federal Institute of Technology             Center for Research on Animal Cognition, University of Toulouse III","Center for Research on Animal Cognition, University of Toulouse III","Center for Research on Animal Cognition, University of Toulouse III","ETH Zurich, Swiss Federal Institute of Technology"
2009,"Washington, DC"
2009,"Department of Cognitive Science, University of California, San Diego","Department of Cognitive Science, University of California, San Diego"
2009,"Department of Philosophy and Institute of Cognitive Science, Carleton University"
2009,"Department of Philosophy and Interdisciplinary Programs in Cognitive Science and Science Studies, University of California, San Diego"
2009,"Institut Jean Nicod, UMR 8129, EHESS/ENS/CNRS, Ecole Normale Supérieure"
2009,"Department of Philosophy and Institute of Cognitive Science, Carleton University"
2009,"Center for Cognitive Studies, Tufts University"
2009,"Department of Philosophy, University of Waterloo"
2009,Yeshiva University and Haskins Laboratories,Radboud University Nijmegen
2009,"Gonda Multidisciplinary Brain Research Center, Bar Ilan University","Department of Psychology, The University of Chicago"
2009,"Department of Psychology, Stony Brook University","Department of Psychology, Oberlin College"
2009,"Department of Psychology, University of Glasgow","Department of Psychology, University of Edinburgh"
2009,"Center for Cognition, Action, and Perception, Department of Psychology, University of Cincinnati","Cognitive, Perceptual and Brain Sciences, University College London","Department of Psychology, University of Memphis"
2009,"Center for the Ecological Study of Perception and Action (CESPA)             Department of Psychology, University of Connecticut, Storrs             University of Connecticut, Greater Hartford","Center for the Ecological Study of Perception and Action (CESPA)             Department of Psychology, Colby College","Center for the Ecological Study of Perception and Action (CESPA)             Department of Psychology, College of the Holy Cross"
2009,"Donders Institute for Brain, Cognition, and Behavior, Radboud University Nijmegen","Donders Institute for Brain, Cognition, and Behavior, Radboud University Nijmegen","Donders Institute for Brain, Cognition, and Behavior, Radboud University Nijmegen","Donders Institute for Brain, Cognition, and Behavior, Radboud University Nijmegen","Donders Institute for Brain, Cognition, and Behavior, Radboud University Nijmegen             Behavioural Science Institute, Radboud University Nijmegen","Donders Institute for Brain, Cognition, and Behavior, Radboud University Nijmegen"
2009,"Centre for Cognition, Donders Institute for Brain, Cognition, & Behaviour, Radboud University Nijmegen","Centre for Cognition, Donders Institute for Brain, Cognition, & Behaviour, Radboud University Nijmegen"
2009,Max Planck Institute for Evolutionary Anthropology
2009,"Department of Developmental and Comparative Psychology, Max Planck Institute for Evolutionary Anthropology, Leipzig, Germany"
2009,"Department of Psychology, Yeshiva University             Haskins Laboratories, New Haven"
2009,"Department of Psychology and Center for Mind, Brain, and Computation, Stanford University"
2009,MRC Cognition and Brain Sciences Unit,Carnegie Mellon University
2009,"Department of Experimental Psychology, University of Cambridge","Department of Experimental Psychology, University of Cambridge","Department of Experimental Psychology, University of Cambridge"
2009,"Psychology in Education, Arizona State University"
2009,Max Planck Institute for Human Development,Max Planck Institute for Human Development
2009,"Department of Psychology, New York University"
2009,"Institute for Logic, Language and Computation, University of Amsterdam","Institute for Logic, Language and Computation, University of Amsterdam","Institute for Logic, Language and Computation, University of Amsterdam"
2009,"University of California, Irvine","University of California, Irvine"
2009,"Human-Computer Interaction Institute, Carnegie Mellon University","Human-Computer Interaction Institute, Carnegie Mellon University","Psychological Institute, University of Freiburg","Psychological Institute, University of Freiburg"
2010,Executive Editor
2010,"Department of Psychological Sciences, Birkbeck, University of London"
2010,"Department of Anthropology, Emory University"
2010,"School of Psychology, University of Nottingham","Department of Experimental Psychology, University of Oxford"
2010,"Department of Philosophy, William Paterson University"
2010,"Department of Psychological and Brain Sciences, Indiana University","Department of Psychological and Brain Sciences, Indiana University"
2010,"Department of Psychology, University of California Los Angeles","Department of Psychology, University of California Los Angeles","Department of Psychology, University of California Los Angeles","Departments of Psychology and Neurobiology & Imaging Research Center, University of Texas at Austin"
2010,"Department of Artificial Intelligence, University of Groningen","Department of Psychology, Carnegie Mellon University"
2010,"Department of Cognitive Science, University of California San Diego"
2010,"Department of Psychology, Emory University"
2010,"Department of Psychological and Brain Sciences, Indiana University, Bloomington","Department of Psychological and Brain Sciences, Indiana University, Bloomington"
2010,"Department of Psychological and Brain Sciences, Indiana University"
2010,"Department of Psychology, Stanford University"
2010,Executive Editor
2010,Deparment of Psychology Emory University
2010,"Department of Psychology, Northwestern University"
2010,"Department of Electriacl Engineering and Computer Science, Northwestern University"
2010,"Department of Philosophy, and Interdisciplinary Programs in Cognitive Science and Science Studies, University of California, San Diego"
2010,"Department of Brain & Cognitive Sciences, University of Rochester"
2010,"Department of Psychology, University of Freiburg, Germany","Department of Cognitive Science, University of California San Diego","Department of Psychology, Northwestern University"
2010,"Arlington, VA and Boulder, CO"
2010,"Department of Psychological Sciences, Birkbeck, University of London","Cognitive Neuroscience Sector, SISSA, Trieste, and Institute of Cognitive Neuroscience, University College, London"
2010,"Department of Developmental and Comparative Psychology, Max Planck Institute for Evolutionary Anthropology","Department of Developmental and Comparative Psychology, Max Planck Institute for Evolutionary Anthropology"
2010,"Interdisciplinary Center for Bioethics, Yale University"
2010,"Department of Philosophy, Duke University","Department of Philosophy, Duke University"
2010,"Interdisciplinary Center for Bioethics, Yale University","Institute for Intelligent Systems, The University of Memphis","Cognitive Science Program, Indiana University"
2010,"Department of Philosophy, University of Maryland","Department of Philosophy, Georgetown University","Departments of Psychology, Human Evolutionary Biology, and Organismic & Evolutionary Biology, Harvard University"
2010,"Department of Psychology, Harvard University","Department of Psychology, Harvard University"
2010,"Max Planck Institute for Human Development, Berlin"
2010,"Program in Cognitive Science and Department of Philosophy, Yale University"
2010,"Department of Psychology, University of Arizona","Department of Psychology, University of Arizona"
2010,Executive Editor
2010,"Department of Brain and Cognitive Sciences, University of Rochester"
2010,"Department of Psychology, Temple University","Department of Psychology, Vanderbilt University"
2010,"Department of Psychology, Center for Cognitive Sciences, University of Minnesota","Department of Brain and Cognitive Sciences, Center for Visual Science, University of Rochester","Department of Brain and Cognitive Sciences, Center for Visual Science, University of Rochester"
2010,"Department of Brain and Cognitive Sciences, University of Rochester","Department of Psychology, University of California, Los Angeles"
2010,"Department of Neuroscience, University of Pennsylvania","Department of Neuroscience, University of Pennsylvania"
2010,"Laboratory for Neuro- and Psychophysiology, K. U. Leuven Medical School"
2010,"Department of Mathematics and Statistics, Department of Computer Science and HIIT,      Department of Psychology, University of Helsinki"
2010,"Psychological and Brain Sciences, Indiana University","Department of Psychology, University of Richmond","Department of Psychology, California State University, Los Angeles"
2010,"Department of Psychology, University of California, Los Angeles","Institute for Research in Cognitive Science, University of Pennsylvania","Department of Psychology, University of California, Los Angeles"
2010,University of Rochester Eye Institute and Center for Visual Science,University of Rochester Eye Institute and Center for Visual Science
2010,Executive Editor
2010,"Macquarie Centre for Cognitive Science, Macquarie University"
2010,"Department of Psychology, Carnegie Mellon University","MRC Cognition and Brain Sciences Unit, University of Cambridge"
2010,"Department of Psychology, Science Studies Centre, University of Bath"
2010,"Computational Learning Laboratory, Center for the Study of Language and Information, Stanford University","Computational Learning Laboratory, Center for the Study of Language and Information, Stanford University"
2010,"Stanford University Symbolic Systems Program (consulting) and CollabRx, Inc.","PARC (the Palo Alto Research Center), Inc.","PARC (the Palo Alto Research Center), Inc.","Berkeley, CA","PARC (the Palo Alto Research Center), Inc."
2010,"Learning Research and Development Center, University of Pittsburgh","Learning Research and Development Center, University of Pittsburgh"
2010,University of Virginia
2010,"Department of Cognitive, Perceptual, and Brain Sciences, Division of Psychology and Language Sciences, University College London","Department of Cognitive, Perceptual, and Brain Sciences, Division of Psychology and Language Sciences, University College London"
2010,"Department of Computer Science, Yale University","Department of Computer Science, Yale University"
2010,"Institute for Intelligent Systems, University of Memphis","Institute for Intelligent Systems, University of Memphis","Institute for Intelligent Systems, University of Memphis"
2010,"Department of Psychology, Cornell University","Department of Psychology, Cornell University","Department of Communication Sciences and Disorders, University of Iowa"
2010,"Naval Research Laboratory, Fairfax, Virginia             Department of Psychology, George Mason University","Naval Research Laboratory, Fairfax, Virginia"
2010,"Department of Artificial Intelligence, University of Groningen","Department of Psychology, University of Groningen"
2011,Executive Editor
2011,Air Force Research Laboratory
2011,"School of Psychology, University of Dundee"
2011,"Qualitative Reasoning Group, Northwestern University","Qualitative Reasoning Group, Northwestern University","Qualitative Reasoning Group, Northwestern University","Qualitative Reasoning Group, Northwestern University","Qualitative Reasoning Group, Northwestern University"
2011,"Department of Psychological Sciences, Purdue University","Department of Psychological Sciences, Purdue University"
2011,"Naval Research Laboratory, Washington, D.C.","Naval Research Laboratory, Washington, D.C."
2011,"Centre for Artificial Intelligence Research, Auckland University of Technology"
2011,"Department of Geography, The Pennsylvania State University"
2011,Air Force Research Laboratory,L3 Communications at Air Force Research Laboratory
2011,"Department of Computer Science and Engineering, The Ohio State University","Department of Computer Science and Engineering, The Ohio State University","Department of Computer Science and Engineering, The Ohio State University","Department of Computer Science and Engineering, The Ohio State University"
2011,"Department of Informatics, University of Bremen","Department of Informatics, University of Bremen"
2011,"Department of Electrical Engineering and Computer Science, United States Military Academy","Department of Electrical Engineering and Computer Science, University of Michigan","Department of Electrical Engineering and Computer Science, University of Michigan"
2011,Executive Editor
2011,"Department of Psychological & Brain Sciences, University of California, Santa Barbara"
2011,"School of Informatics, University of Sussex"
2011,Columbia Teachers College and Stanford University
2011,"Department of Psychology and Human Development, Vanderbilt University","Department of Psychology and Human Development, Vanderbilt University","Department of Biology, Western Carolina University"
2011,"Department of Psychology, University of Michigan, Ann Arbor","Department of Psychology, University of Michigan, Flint"
2011,"Pacific Science & Engineering Group, San Diego","Pacific Science & Engineering Group, San Diego"
2011,"School of Interactive Arts and Technology, Simon Fraser University","School of Interactive Arts and Technology, Simon Fraser University","School of Interactive Arts and Technology, Simon Fraser University"
2011,Executive Editor
2011,"Department of Psychological Sciences, University of London"
2011,"Department of Psychology, University of Western Ontario             Graduate Program in Neuroscience, University of Western Ontario","Graduate Program in Neuroscience, University of Western Ontario","Department of Psychology, University of Western Ontario"
2011,"Department of Cognitive, Linguistic, and Psychological Sciences, Brown University"
2011,"Department of Philosophy, University of Iowa"
2011,"Department of Computer Science, Drexel University","Department of Artificial Intelligence, University of Groningen"
2011,"Department of Psychology, University of Basel"
2011,"Department of Psychology, Southeastern Louisiana University"
2011,"Department of Psychology, Carnegie Mellon University"
2011,"Department of Psychological Sciences, Birkbeck College, University of London"
2011,"Department of Psychology, University of Pennsylvania","Center for Advanced Study of Language, University of Maryland","Department of Psychology, University of Pennsylvania","Department of Psychology, University of Pennsylvania"
2011,"School of Psychological Sciences, University of Manchester"
2011,"Department of Philosophy, Ohio University"
2011,"Department of Philosophy, Graduate Center, CUNY"
2011,"Department of Psychology, University of Memphis"
2011,"Department of Psychological and Brain Sciences, Indiana University","Department of Psychological and Brain Sciences, Indiana University"
2011,"Institute of Cognitive Science and Department of Psychology, University of Colorado","Institute of Cognitive Science and Department of Psychology, University of Colorado"
2011,"Department of Psychology, University of Memphis","Department of Psychology, University of Memphis"
2011,"Program in Philosophy, University of Louisianna","Institute of Cognitive Science, University of Louisianna"
2011,"Center for the Ecological Study of Perception and Action, University of Connecticut and Haskins Laboratories","Scientific and Philosophical Studies of Mind Program, Franklin and Marshall College","Scientific and Philosophical Studies of Mind Program, Franklin and Marshall College"
2011,"Department of Anatomy and Neurobiology, Washington University School of Medicine, St. Louis","Department of Philosophy, Center for Chronobiology, and Interdisciplinary Program in Cognitive Science, University of California, San Diego"
2011,Executive Editor
2011,"Department of Psychology, University of Memphis"
2011,"Department of Cognitive Sciences, University of California, Irvine","Department of Computer Science, University of California, Irvine","Department of Computer Science, University of California, Irvine"
2011,"Department of Psychology, Syracuse University","Department of Psychology, Syracuse University","Department of Psychology, Syracuse University"
2011,"Department of Computer Science, University of Toronto","Department of Brain and Cognitive Sciences, Massachusetts Institute of Technology"
2011,"School of Psychology, The University of Adelaide","Department of Psychology, Ohio State University",Defence Research and Development Canada (Toronto)
2011,"Interaction Centre, University College London","Interaction Centre, University College London","Interaction Centre, University College London","Behavioural Science Group, Warwick Business School","Manchester Business School, University of Manchester"
2011,"Centre for Theoretical Neuroscience, University of Waterloo","Centre for Theoretical Neuroscience, University of Waterloo"
2011,"Human-Computer Interaction Institute, Carnegie Mellon University","Human-Computer Interaction Institute, Carnegie Mellon University"
2011,"Behavioral Sciences, Technion – Israel Institute of Technology","Department of Agricultural Economics and Management, The Hebrew University"
2011,University of Mannheim and Max-Planck Institute for Research on Collective Goods,"Department of Psychology, University of Kassel"
2011,"Center for Adaptive Behavior and Cognition, Max Planck Institute for Human Development","Center for Adaptive Behavior and Cognition, Max Planck Institute for Human Development"
2012,Executive Editor
2012,"Music Cognition Lab, School of Electronic Engineering & Computer Science, Queen Mary, University of London","Cluster Languages of Emotion, Freie Universität Berlin"
2012,"Department of Psychology, University of Toronto","Department of Psychology, University of Toronto"
2012,"Department of Psychology, New York University"
2012,"Institute for Logic, Language and Computation (ILLC), Cognitive Science Center Amsterdam (CSCA), University of Amsterdam","Department of Psychology, University of Amsterdam"
2012,"Centre for Music & Science, Faculty of Music, University of Cambridge, and Cluster Languages of Emotion, Freie Universität Berlin","School of Linguistics and English Language, Bangor University"
2012,"Department of Neurology, Beth Israel Deaconess Medical Center, Harvard Medical School"
2012,"Lyon Neuroscience Research Center — CRNL, CNRS UMR5292, INSERM U1028, Université Lyon 1"
2012,Brain and Mind Institute & Department of Psychology
2012,"Department of Music, Finnish Centre of Excellence in Interdisciplinary Music Research, University of Jyväskylä"
2012,"Centre for Cognition, Computation and Culture, Goldsmiths, University of London Centre for Digital Music, Queen Mary, University of London","Centre for Cognition, Computation and Culture, Goldsmiths, University of London Centre for Digital Music, Queen Mary, University of London"
2012,"MARCS Institute and School of Social Sciences and Psychology, University of Western Sydney"
2012,"Faculty of Music, University of Cambridge"
2012,"Center for Cognitive Science, Ohio State University"
2012,"Department of Psychology, Barnard College of Columbia University","Department of Psychology, University of Texas at Austin"
2012,"Department of Psychosomatic Medicine and Psychotherapy, University Hospital of Tuebingen, Eberhard-Karls-University","Department of Psychology, University of Potsdam"
2012,"Department of Psychology, Gettysburg College","Department of Social and Developmental Psychology, University of Cambridge","Department of Psychology, University of Michigan","Department of Psychology, Yale University"
2012,"Department of Psychology, Franklin & Marshall College             Institute for Advanced Computer Studies, Neuroscience and Cognitive Science Program, University of Maryland","Center for Cognition, Action & Perception, Department of Psychology, University of Cincinnati","Department of Psychology, Franklin & Marshall College             Department of Psychology and Department of Philosophy, University of Cincinnati"
2012,"Department of Psychology, University of Chicago","Department of Psychology, University of Chicago","Department of Psychology, University of Chicago"
2012,"Institute of Logic, Language and Computation, University of Amsterdam"
2012,"Media Innovation Lab, School of Communication, Interdisciplinary Center Herzliya"
2012,"Department of Linguistics, University of California"
2012,"Department of Psychology, Barnard College of Columbia University","Earle Mack School of Law, Drexel University","Department of Communication and Media, Rensselaer Polytechnic Institute","VR Centre for the Built Environment, University College London","School of the Built and Natural Environment, Northumbria University","Institute for Psycho-acoustics and Electronic Music – IPEM, Ghent University","Institute for Psycho-acoustics and Electronic Music – IPEM, Ghent University"
2012,"Department of Anthropology, University of California, Riverside"
2012,"Centre for Brain and Cognitive Development, Birkbeck, University of London","LEAD-CNRS, University of Burgundy"
2012,"Department of Psychology, University of Freiburg             Center for Interdisciplinary Research, Bielefeld University","Department of Psychology, University of Freiburg             Center for Interdisciplinary Research, Bielefeld University","Department of Psychology, Northwestern University"
2012,"Department of Comparative Human Development, University of Chicago"
2012,"Department of Sociology and Anthropology, Lehigh University"
2012,"Department of Anthropology, University of Connecticut"
2012,"Center for Behavior, Evolution, and Culture, Department of Anthropology, UCLA","Rutgers University Center for Cognitive Science, Department of Philosophy, Rutgers University","Hang Seng Centre for Cognitive Studies, Department of Philosophy, University of Sheffield"
2012,"Department of Psychology, University of Freiburg"
2012,"Max Planck Institute for Psycholinguistics, and Donders Institute for Brain, Cognition and Behaviour, Radboud University, Nijmegen"
2012,"School of Anthropology, University of Oxford","Comparative Cognitive Anthropology Research Group, Max Planck Institute for Psycholinguistics, Max Planck Institute for Evolutionary Anthropology"
2012,"School of Informatics, University of Edinburgh"
2012,"Department of Psychology, University of Michigan, Ann Arbor"
2012,"Department of Psychology, San Diego State University"
2012,"Department of Psychology, University of Arizona and Marysville School District in Washington"
2012,"The Center for Research and Advanced Studies in Social Anthropology (CIESAS), Mexico City"
2012,"Department of Anthropology, London School of Economics and Political Science","Department of Anthropology, London School of Economics and Political Science"
2012,"Department of Psychology, University of Freiburg             Center for Interdisciplinary Research, Bielefeld University","Department of Psychology, University of Freiburg             Center for Interdisciplinary Research, Bielefeld University","Department of Psychology, Northwestern University"
2012,Executive Editor
2012,"Department of Computing Science, University of Aberdeen","Institute of Linguistics, University of Malta, Tilburg Centre for Cognition and Communication (TiCC), Tilburg University","School of Psychology, University of Dundee","Tilburg Centre for Cognition and Communication (TiCC), Tilburg University"
2012,"Department of Psychology, University of Sheffield","Max Planck Child Study Centre, University of Manchester","Max Planck Child Study Centre, University of Manchester and Max Planck Institute for Evolutionary Anthropology",Max Planck Institute for Evolutionary Anthropology
2012,"Department of Computer Science, King Abdulaziz University","Department of Computing Science, University of Aberdeen","Department of Computing Science, University of Aberdeen"
2012,"Faculty for Linguistics and Literary Studies, University of Bielefeld             Max Planck Institute for Psycholinguistics","Institute of Work and Organizational Psychology, University of Neuchâtel",Max Planck Institute for Psycholinguistics
2012,"Program in Linguistics, University of Minnesota","Linguistics Department, Simon Fraser University","Department of Computer Science, University of Mary Washington"
2012,"Tilburg Centre for Cognition and Communication (TiCC), Tilburg University","Tilburg Centre for Cognition and Communication (TiCC), Tilburg University"
2012,"Department of Linguistics, University of Toronto","Department of Brain and Cognitive Sciences, University of Rochester","Department of Brain and Cognitive Sciences, University of Rochester"
2012,"School of Informatics, University of Edinburgh"
2012,Executive Editor
2012,Executive Editor
2012,"CAP Center for Cognition, Action & Perception, University of Cincinnati","Wyss Institute for Biologically Inspired Engineering, Harvard University"
2012,"Department of Psychology, University of California, Santa Cruz","CAP Center for Cognition, Action & Perception, University of Cincinnati"
2012,"Department of Psychology, University of Cincinnati","Department of Psychology, University of Cincinnati","Department of Psychology, University of Cincinnati"
2012,"Department of Philosophy, Elizabethtown College","Psychology Department, Franklin and Marshall College"
2012,"Department of Psychology, University of Connecticut; Haskins Laboratories","Department of Psychology, University of Cincinnati",Moss Rehabilitation Research Institute,"Wyss Institute for Biologically Inspired Engineering, Harvard University"
2012,"Donders Institute for Brain, Cognition, and Behaviour, Radboud University Nijmegen"
2012,"Department of Philosophy, University of Waterloo"
2012,"Department of Psychology and Princeton Neuroscience Institute, Princeton University"
2012,"Manchester Business School, University of Manchester"
2012,"Department of Psychology, University of Amsterdam","Department of Psychology, University of Amsterdam","School of Experimental Psychology, University of Bristol"
2012,"Wyss Institute for Biologically Inspired Engineering, Harvard University","Department of Psychology, University of Cincinnati"
2012,"Department of Psychological and Brain Sciences, Indiana University","Department of Psychological and Brain Sciences, Indiana University"
2012,"Indian Statistical Institute, Chennai","Department of Computer Science and Automation, Indian Institute of Science","Interdisciplinary Center for Scientific Computing (IWR), University of Heidelberg","Department of Computer Science, Brown University Providence"
2012,"Department of Psychological and Brain Sciences, Indiana University","Department of Psychological and Brain Sciences, Indiana University"
2012,"Department of Cognitive Sciences, University of California","Department of Cognitive Sciences, University of California","Department of Cognitive Sciences, University of California","Department of Cognitive Sciences, University of California"
2013,"Department of Psychological and Brain Sciences, Indiana University","Department of Theory and Data Analysis, Institute for Frontier Areas of Psychology","Department of Psychology, City University, London"
2013,"Department of Psychological and Brain Sciences, Indiana University"
2013,"Department of Psychology, City University London","Faculty of Science and Technology, Queensland University of Technology"
2013,"Center Leo Apostel for Interdisciplinary Studies and Department of Mathematics, Brussels Free University","Department of Psychology, University of British Columbia Kelowna",Center Leo Apostel for Interdisciplinary Studies Brussels Free University
2013,"School of Communication, Center for Cognitive and Brain Sciences, The Ohio State University","Department of Human Development, Cornell University"
2013,"Collegium Helveticum, ZüFCrich","Institute for Frontier Areas of Psychology, FreiburgParmenides Foundation for the Study of Thinking, MunichInstitute of Physics, University of Freiburg"
2013,"School of Psychology, University of Adelaide"
2013,"Information Sciences and Technology, The Pennsylvania State University"
2013,"Cognitive Science Department, Johns Hopkins University","Cognitive Science Department, Johns Hopkins University","Cognitive Science Department, Johns Hopkins University"
2013,"School of Informatics, University of Edinburgh","School of Philosophy, Psychology and Language Sciences"
2013,"Department of Linguistics, University of Potsdam","Department of Linguistics, University of Potsdam","Department of Linguistics, University of Potsdam"
2013,"Department of Cognitive, Perceptual, and Brain Sciences, University College London"
2013,"Institute for Language, Cognition and Computation, School of Informatics, University of Edinburgh","Institute for Language, Cognition and Computation, School of Informatics, University of Edinburgh"
2013,Computer Science and Engineering University of Minnesota,Computer Science and Engineering University of Minnesota
2013,"Department of Linguistics and Philology, Uppsala University"
2013,"Department of Psychology, University of Groningen","Department of Psychology, University of Groningen"
2013,"Department of Psychology, University of Michigan","Computer Science and Engineering, University of Michigan"
2013,"Department of Psychology and Program in Cognitive Science, University of Connecticut","Department of Psychology and Program in Cognitive Science, University of Connecticut"
2013,"Human-Computer Interaction Institute, Carnegie Mellon University","Human-Computer Interaction Institute, Carnegie Mellon University","Human-Computer Interaction Institute, Carnegie Mellon University"
2013,"School of Informatics, University of Edinburgh","School of Informatics, University of Edinburgh"
2013,"Graduate School of Education, Rutgers University","Graduate School of Education, Rutgers University","Mathematics Education Centre, Loughborough University"
2013,"Department of Cognitive Science, University of California, San Diego"
2013,"Knowledge Media Research Center, TuebingenInstitute of Psychology, Eberhard Karls University","Knowledge Media Research Center, TuebingenInstitute of Psychology, Eberhard Karls University","Section Neuropsychology, Department of Neurology, University Hospital, RWTH Aachen University"
2013,"Department of Psychology, Eberhard Karls University","Knowledge Media Research Center, IWM-KMRCDepartment of Psychology, Eberhard Karls UniversitySection Neuropsychology, Department of Neurology, University Hospital, RWTH Aachen UniversityInterdisciplinary Center for Clinical Research Aachen","Knowledge Media Research Center, IWM-KMRCDepartment of Psychology, Eberhard Karls University"
2013,"Center for Mind/Brain Sciences, University of Trento","Department of Music Research, Centre for Interdisciplinary Research in Music Media and Technology, McGill UniversityInstitute of Neuroscience and Psychology, University of Glasgow","Department of Neurosciences, University of ParmaDepartment of Security and Crime Science, University College London"
2013,"Behavioural Science Group, Warwick Business School, University of Warwick, Coventry, UK"
2013,"Behavioural Science Group, Warwick Business School, University of Warwick","Centrum Wiskunde & Informatica, Amsterdam"
2013,"Department of Computer Science, Sapienza University of Rome","Department of Computer and Information Sciences, University of Delaware"
2013,"Department of Philosophy, King's College London"
2013,"Department of Linguistics, University of Maryland"
2013,"Department of Psychology, University of Wisconsin-Madison","Department of Computer Sciences, University of Wisconsin-Madison"
2013,"Department of Brain and Cognitive Sciences, Massachusetts Institute of Technology"
2013,"Department of Psychology, University of California, San Diego"
2013,"Department of Psychological & Brain Science / Cognitive Science Program, Indiana University","Department of Psychological & Brain Science / Cognitive Science Program, Indiana University"
2013,"Department of Psychology, Ohio State University"
2014,"Perception in Action Research Centre & Department of Cognitive Science, Faculty of Human Sciences","ARC Centre of Excellence in Cognition & Its Disorders, Macquarie University"
2014,"Department of Cognitive Science, ARC Centre of Excellence in Cognition and its Disorders, Macquarie University"
2014,"Department of Philosophy, Carleton University"
2014,"Department of Psychology, University of Michigan","Department of Psychological & Brain Sciences, University of Louisville","Department of Psychology, University of Michigan"
2014,"ARC Centre for Excellence in Cognition and Its Disorders (CCD), Department of Cognitive Science, Macquarie University","ARC Centre for Excellence in Cognition and Its Disorders (CCD), Department of Cognitive Science, Macquarie University","ARC Centre for Excellence in Cognition and Its Disorders (CCD), Department of Cognitive Science, Macquarie University"
2014,"Institut Jean Nicod, Ecole Normale Supérieure","Institut Jean Nicod, Ecole Normale Supérieure"
2014,"School of Management, Yale University",University of Chicago Booth School of Business,"School of Management, Yale University"
2014,"Psychology Department, Northwestern University","Psychology Department, Northwestern University"
2014,"Department of Psychology, University of BolognaInstitute of Cognitive Sciences and Technologies, Italian National Research Council","School of Computing and Mathematics, University of Plymouth"
2014,"Division of Psychology, Nottingham Trent University","Department of Cognitive, Perceptual and Brain Sciences, University College London","Department of Cognitive, Perceptual and Brain Sciences, University College London"
2014,Department of Philosophy University of Louisville
2014,"School of Psychological Sciences, University of ManchesterDepartment of Psychology, Lancaster University","Manchester Business School, University of ManchesterDepartment of Psychology, Lancaster University"
2014,"Department of Psychology, University of South CarolinaDonders Institute for Brain, Cognition and Behavior, Radboud University Nijmegen","Donders Institute for Brain, Cognition and Behavior, Radboud University NijmegenPompestichting, Nijmegen","Donders Institute for Brain, Cognition and Behavior, Radboud University Nijmegen","Donders Institute for Brain, Cognition and Behavior, Radboud University Nijmegen"
2014,"Department of Psychology, University of Calgary","Department of Psychology, University of Calgary"
2014,"Department of Psychology, Northumbria University","Institute of Neuroscience and Psychology, University of Glasgow","Department of Psychology, University of Potsdam","Institute of Neuroscience and Psychology, University of Glasgow, and Department of Psychology, University of Essex"
2014,"RBCS – Robotics, Brain and Cognitive Sciences Department, IIT – Istituto Italiano di Tecnologia","RBCS – Robotics, Brain and Cognitive Sciences Department, IIT – Istituto Italiano di Tecnologia","RBCS – Robotics, Brain and Cognitive Sciences Department, IIT – Istituto Italiano di TecnologiaDSBTA – Section of Human Physiology, University of Ferrara","RBCS – Robotics, Brain and Cognitive Sciences Department, IIT – Istituto Italiano di TecnologiaDIST – Dipartimento di Informatica, Sistemistica, Telematica, University of Genova"
2014,"Institute of Cognitive Sciences and Technologies, CNR, Rome, Italy","Institute for Computational Linguistics, CNR, Pisa, Italy","Institute of Cognitive Sciences and Technologies, CNR, Rome, ItalyInstitute for Computational Linguistics, CNR, Pisa, Italy","Institute for Computational Linguistics, CNR, Pisa, Italy"
2014,"School of Mathematical & Computer Sciences, Heriot-Watt University & Applied Informatics Group, Bielefeld University","Applied Informatics, Bielefeld University","Robotics, Brain and Cognitive Sciences Department, Istituto Italiano di Tecnologia","Applied Informatics, Bielefeld University","Emergentist Semantics Group, CiTEC, Bielefeld University"
2014,"Department of Psychology, University of Notre Dame","Electrical and Computer Engineering Department, University of Missouri-Columbia","Department of Psychology, University of Notre Dame","Electrical and Computer Engineering Department, University of Missouri-Columbia","Electrical and Computer Engineering Department, University of Missouri-Columbia"
2014,ITALK Project,ITALK Project,ITALK Project,ITALK Project,ITALK Project,ITALK Project,ITALK Project,ITALK Project,ITALK Project,ITALK Project,ITALK Project,ITALK Project,ITALK Project,ITALK Project,ITALK Project,ITALK Project,ITALK Project,ITALK Project,ITALK Project,ITALK Project,ITALK Project,ITALK Project,ITALK Project,ITALK Project,ITALK Project,ITALK Project,ITALK Project,ITALK Project,ITALK Project,ITALK Project,ITALK Project,ITALK Project,ITALK Project
2014,"Interaction Lab, School of Informatics, University of Skövde","Institute for Natural Language Processing, University of Stuttgart","Interaction Lab, School of Informatics, University of Skövde"
2014,"School of Computer Science, University of Birmingham","Department of Psychology, University of Michigan","Computer Science and Engineering, University of Michigan"
2014,"Gatsby Computational Neuroscience Unit, University College London"
2014,"Department of Psychological Sciences, Birkbeck, University of London"
2014,"Computer Science Department, Cornell University","Computer Science Department, Cornell University","Computer Science Department, Cornell University"
2014,"Department of Mechanical and Aerospace Engineering, Princeton UniversityProgram in Applied and Computational Mathematics, Princeton UniversityPrinceton Neuroscience Institute, Princeton University","Princeton Neuroscience Institute, Princeton UniversityDepartment of Psychology, Princeton University"
2014,"Department of Psychology, University of Michigan","School of Computer Science, University of Birmingham","Computer Science and Engineering, University of Michigan"
2014,"School of Biological Sciences, University of Bristol","School of Biological Sciences, University of Bristol"
2014,"Warwick Business School, University of Warwick"
2014,"School of Computer Science, University of Massachusetts"
2014,"Cognitive Science Department, Rensselaer Polytechnic Institute","Department of Psychology, University of Warwick"
2014,Universität Tübingen,Universität Tübingen,Universität Tübingen,Universität Tübingen,Universität Tübingen
2014,"Department of Psychological and Brain Sciences, Indiana University","School of Communication, Center for Cognitive and Brain Sciences, The Ohio State University"
2014,"Cognitive, Linguistic, & Psychological Sciences, Brown University"
2014,"Department of Psychology, City University London"
2014,"Department of Economics and Information Systems, HHL – Leipzig Graduate School of Management"
2014,Paris School of Economics
2014,"Department of German Studies and Linguistics, Humboldt University, Berlin"
2014,"International Center for Mathematical Modelling in Physics and Cognitive Sciences, Linnaeus University","International Center for Mathematical Modelling in Physics and Cognitive Sciences, Linnaeus University"
2014,"Department of Management, Technology and Economics, ETH ZürichBogolubov Laboratory of Theoretical Physics, Joint Institute for Nuclear Research","Department of Management, Technology and Economics, ETH ZürichSwiss Finance Institute, University of Geneva"
2014,"University of Arizona Medical Center, Tuscon, AZ"
2014,"School of Biomedical Informatics, The University of Texas Health Science Center at Houston","School of Biomedical Informatics, The University of Texas Health Science Center at Houston"
2014,"Department of Behavioral Science, Center for Experimental Research in Social Sciences, Hokkaido University"
2014,"Center for Memory & Brain, Boston University"
2014,"Department of Cognitive Sciences, University of California, Irvine"
2014,"Department of Psychological Sciences, Purdue University","Department of Mathematical Information Technology, University of Jyväskylä"
2014,"Center Leo Apostel for Interdisciplinary Studies, Brussels Free University"
2014,"Department of Anthropology, Northern Illinois University"
2014,"Amsterdam Center for Language and Communication, University of Amsterdam"
2014,"Department of Psychology, College of Staten Island and the Graduate Center of City University of Newyork","Department of Sociology, Anthropology and Social Work, College of Staten Island and Hunter College"
2014,"Department of Social Sciences, Qatar University","Department of Anthropology, University of California, Los Angeles"
2014,"Institute of Cognitive Science, University of Louisiana at Lafayette"
2014,"Department of Cognitive Science, University of California, San Diego"
2014,"School of Archaeology and Anthropology, Australian National University"
2014,"Department of Anthropology, University of Connecticut"
2014,"Department of Sociology and Anthropology, College of Charleston"
2014,"Department of Computer Science and Institute of Cognitive Science, University of Colorado","Department of Computer Science and Institute of Cognitive Science, University of Colorado","Department of Computer Science and Institute of Cognitive Science, University of Colorado"
2014,"Institute of Neural Information Processing, Ulm University","Section for Computational Sensomotorics, Department for Cognitive Neurology, HIH & CIN, University Clinic Tübingen","Institute of Neural Information Processing, Ulm University"
2014,"Department of Psychology, University of Connecticut","Departments of Linguistics, Computer Science, & Psychology, University of Pennsylvania","Department of Psychology, Department of Linguistics, University of Connecticut"
2015,"Department of Psychosocial Science, University of Bergen","Department of Psychosocial Science, University of Bergen"
2015,"Department of Psychosocial Science, University of Bergen","Department of Philosophy, McGill University","Department of Psychosocial Science, University of Bergen"
2015,"Center for Language Studies, Radboud UniversityLanguage & Cognition Department, Max Planck Institute for Psycholinguistics","Amsterdam Center for Language and Communication, University of Amsterdam"
2015,"Department of Human Evolutionary Biology, Harvard University","School of Human Evolution and Social Change, Arizona State University","Department of Human Evolutionary Biology, Harvard University"
2015,"Department of Psychology, The University of Texas at Austin","Department of Psychology, The University of Texas at Austin","Department of Psychology, The University of Texas at Austin"
2015,"Psychology Department, Northwestern University","Psychology Department, Northwestern University","Psychology Department, Northwestern University","Ngöbe Culture and Language Education Program, Bocas del Toro, Panama","Ngöbe Culture and Language Education Program, Bocas del Toro, Panama"
2015,"Department of Anthropology, Stanford University","Schizophrenia Research Foundation, Chennai, India","Schizophrenia Research Foundation, Chennai, India","Accra General Psychiatric Hospital, Accra, Ghana"
2015,"Discipline of Anthropology & Sociology, University of Western Australia"
2015,"Department of Psychosocial Science, University of Bergen","Department of Psychosocial Science, University of Bergen","Department of Psychology, Harvard University"
2015,"Department of Computer Science, University of Illinois at Urbana-Champaign","Department of Psychology, University of Warwick","Cognitive Science Program and Department of Psychological and Brain Sciences, Indiana University, Bloomington"
2015,"Department of Brain and Cognitive Sciences, Massachusetts Institute of Technology","Princeton Neuroscience Institute and Department of Psychology, Princeton University"
2015,"Department of Psychology, University of Basel","Department of Psychology, University of Basel"
2015,"Department of Educational Psychology, University of Illinois at Urbana ChampaignBeckman Institute for Advanced Science and Technology, University of Illinois at Urbana Champaign","Department of Educational Psychology, University of Illinois at Urbana ChampaignBeckman Institute for Advanced Science and Technology, University of Illinois at Urbana Champaign","Department of Computer Science, University of Illinois at Urbana ChampaignBeckman Institute for Advanced Science and Technology, University of Illinois at Urbana Champaign","Department of Educational Psychology, University of Illinois at Urbana ChampaignBeckman Institute for Advanced Science and Technology, University of Illinois at Urbana Champaign","Department of Educational Psychology, University of Illinois at Urbana ChampaignBeckman Institute for Advanced Science and Technology, University of Illinois at Urbana Champaign"
2015,"Department of Biology, McGill University"
2015,"Department of Mathematics, Uppsala University, Institute for Futures Studies, Stockholm","Department of Psychological and Brain Sciences, Indiana University","Department of Mathematics, Uppsala University, Institute for Futures Studies, Stockholm","Department of Psychological and Brain Sciences, Indiana University"
2015,"Birkbeck, University of London"
2015,"Department of Psychology, University of Warwick","Cognitive Science Program and Department of Psychological and Brain Sciences, Indiana University Bloomington","Cognitive Science Program and Department of Psychological and Brain Sciences, Indiana University Bloomington"
2015,"Department of Educational Psychology and Beckman Institute, University of Illinois at Urbana-Champaign"
2015,"Department of Psychology, University of California","Department of Psychology, University of California"
2015,"Department of Behavioural and Social Sciences, University of Huddersfield","Centre for Computation, Cognition and Modeling, Department of Psychological Sciences, Birkbeck, University of London"
2015,"Department of Psychology and DeLTA Center, University of Iowa","Department of Psychology and DeLTA Center, University of Iowa","Department of Psychology and DeLTA Center, University of Iowa"
2015,Université de Bourgogne,"Institut National de la Santé et de la Recherche Médicale (INSERM U1093), Université de Bourgogne"
2015,"Department of Psychology, University of California, Berkeley","Department of Psychology, University of California, Berkeley","Department of Psychology, Stanford University"
2015,"Experimental Psychology, University College London"
2015,"Centre for Computation, Cognition and Modelling, Department of Psychological Sciences, Birkbeck, University of London","Department of Behavioural and Social Sciences, University of Huddersfield"
2015,"Departments of Philosophy, Psychology, and Psychiatry & Behavioral Neuroscience, Weaver Institute for Law and Psychiatry, University of Cincinnati","Neuroscience Program, Stanford University"
2015,"School of Psychology, University of Sydney"
2015,"Brain and Language Laboratory, Neuroscience Area, SISSA International School for Advanced StudiesLanguage Acquisition and Language Processing Lab, Department of Language and Literature, Norwegian University of Science and Technology","Department of Philosophy, Institute for Logic, Language and Computation, University of Amsterdam",Donders Centre for Cognitive NeuroimagingMax Planck Institute for Psycholinguistics
2015,"Department of Philosophy and Religion, Mississippi State UniversityUniversity of Mississippi Medical Center"
2015,"University of California, San Diego",Hebrew University of Jerusalem
2015,"Department of Philosophy, University of Waterloo","Department of Philosophy, University of Waterloo"
2015,"Department of Brain and Cognitive Sciences, Massachusetts Institute of Technology","Department of Psychology, Stanford University"
2015,"Experimental Psychology, University College London","Experimental Psychology, University College LondonDepartment of Social and Decision Sciences, Carnegie Mellon University"
2015,"Department of Computer and Information Science, University of Oregon",Palo Alto Research Center,Palo Alto Research Center
2015,"School of Humanities, University of Brighton",MPI for Psycholinguistics & Radboud University Nijmegen,"Deafness, Cognition and Language Research Centre & City University London"
2015,"Department of Linguistics, University of Texas at Austin","Department of Cognitive Science, Case Western Reserve University"
2015,"School of Humanities, University of Brighton",Radboud University Nijmegen & MPI for Psycholinguistics
2015,"Institute of Education, University of London","Department of Language and Communication Science, City University London"
2015,"Department of Communication, University of California, San Diego","Department of Communication, University of California, San Diego","Department of Communication, University of California, San Diego","Department of Communication, University of California, San Diego"
2015,"Department of Linguistics, University of Chicago","National Research Council (CNR), Institute of Cognitive Sciences and Technologies","Department of Linguistics, University of Chicago","National Research Council (CNR), Institute of Cognitive Sciences and Technologies"
2015,"Anthropology Department, University of California San Diego"
2015,"Language & Cognition Department, Max Planck Institute for Psycholinguistics"
2015,"Department of Psychology, The University of Chicago"
2016,"Department of Psychology and Human Development, Vanderbilt University","Department of Hearing and Speech Sciences, Vanderbilt University Medical Center"
2016,"Department of Psychology, University of North Carolina at Chapel Hill"
2016,"School of Social and Behavioral Sciences, Arizona State University","Cognitive and Information Sciences, University of California, Merced","Cognitive and Information Sciences, University of California, MercedDepartment of Psychology, University of Cyprus"
2016,"Department of Psychology, Northwestern University","Department of Psychology, Stony Brook University"
2016,"Department of Psychology, University of Essex","Department of Psychology, University of Poitiers, CNRS (CeRCA, UMR, 72950)","Department of Psychology, University of Poitiers, CNRS (CeRCA, UMR, 72950)"
2016,"Tilburg Center for Cognition and Communication (TiCC), University of Tilburg","Tilburg Center for Cognition and Communication (TiCC), University of Tilburg","Tilburg Center for Cognition and Communication (TiCC), University of Tilburg"
2016,University of Missouri,University of Cardiff,University of Amsterdam,University of Missouri,University of Amsterdam
2016,"Department of Psychological and Brain Sciences, and Program in Cognitive Science, Indiana University","Department of Psychology, University of Wisconsin-Madison"
2016,"Department of Psychology, University of California, Berkeley","Department of Psychology, University of California, Berkeley","School of Electronic Engineering and Computer Science, Queen Mary, University of London"
2016,"School of Computer Science, Carnegie Mellon University","Research Department, Carnegie Learning, Inc.","Institute for Intelligent Systems and Psychology, University of Memphis"
2016,"Department of Psychology, Cornell UniversityHaskins Laboratories, Lancaster University",Department of Psychology
2016,"Department of Psychology, University of Quebec at MontrealSchool of Psychology, University of Ottawa","Department of Computer Science, University of Quebec at Montreal","Department of Linguistics, University of São Paulo","Department of Computer Science, University of Quebec at Montreal","Department of Computer Science, University of Quebec at Montreal","Department of Psychology, University of Quebec at MontrealElectronics and Computer Science, University of Southampton"
2016,"Booth School of Business, University of Chicago"
2016,"The Wharton School, University of Pennsylvania"
2016,"Behavioural Science, Warwick Business School, University of Warwick, Coventry, UK","Tepper School of Business, Carnegie Mellon University, Pittsburgh, USA","Behavioural Science, Warwick Business School, University of Warwick, Coventry, UK","Behavioural Science, Warwick Business School, University of Warwick, Coventry, UK"
2016,"School of Social Sciences, Humanities, and Arts, University of California, Merced","School of Social Sciences, Humanities, and Arts, University of California, Merced"
2016,"Department of Communication Sciences and Disorders, The University of MemphisInstitute for Intelligent Systems, The University of MemphisThe Konrad Lorenz Institute for Evolution and Cognition Research","Cognitive and Information Sciences, University of California Merced","Institute for Intelligent Systems, The University of MemphisThe Konrad Lorenz Institute for Evolution and Cognition Research"
2016,"Language and Genetics Department, Max Planck Institute for Psycholinguistics","Department of Psychology, Cornell University"
2016,"Cognitive & Information Sciences, University of California, Merced","Cognitive & Information Sciences, University of California, Merced","Department of Anthropology, Indiana University"
2016,University of Memphis and Konrad Lorenz Institute for Evolution and Cognition Research,University of Memphis and Konrad Lorenz Institute for Evolution and Cognition Research,"Cognitive and Information Sciences, University of California, Merced"
2016,"Department of Psychological and Brain Sciences, Department of Communication Sciences, Delta Center, University of Iowa"
2016,"Department of Psychology, University of Wisconsin-Madison","Department of Cognitive Science, University of California at San Diego"
2016,"Department of Linguistics, Radboud University Nijmegen"
2016,"Institute for Intelligent Systems, The University of MemphisKonrad Lorenz Institute for Evolution and Cognition Research","Department of Psychology, Harvard University","Institute for Intelligent Systems, The University of MemphisKonrad Lorenz Institute for Evolution and Cognition ResearchSchool of Communication Sciences and Disorders, The University of Memphis"
2016,"Department of Psychology, Lancaster University"
2016,"Vrije Universiteit Brussel, AI-lab"
2016,"Physics Department, Sapienza University of RomeInstitute for Scientific Interchange ISISONY Computer Science Lab","Physics Department, Sapienza University of RomePhysics Department, University of Bologna","Physics Department, Sapienza University of Rome",Institute for Scientific Interchange ISI
2016,MIT Media Lab,Harvard Graduate School of Education,"Department of Psychology, Northeastern University",MIT Media Lab,"Department of Psychology, Northeastern University",MIT Media Lab
2016,"Inria and Ensta ParisTech, France","Department of Psychological and Brain Sciences, Indiana University"
2016,"Department of Cognitive Science, University of California at Merced","Department of Linguistics, University of Arizona"
2016,"Department of Experimental Psychology, University of Bristol and University of Western Australia"
2016,"Department of Philosophy, Rochester Institute of Technology"
2016,"Graduate School of Education and Department of Psychology, University of California, Berkeley","D-Lab and Berkeley Institute for Data Science, University of California, Berkeley"
2016,"Lyman Briggs College, Department of Sociology, and Environmental Science and Policy Program, Michigan State University","Department of Sociology, Michigan State University","Department of Sociology, Michigan State University","Environmental Science and Policy Program, Department of Sociology, Animal Studies Program, and the Center for Systems Integration and Sustainability, Michigan State University"
2016,"Department of Psychology, University of Warwick","Department of Psychology, University of Warwick","Department of Psychology, University of Warwick"
2016,"Department of Psychology, Occidental College","Department of Psychology, Occidental College"
2016,"School of Psychology, University of New South Wales","School of Psychology, University of New South Wales","School of Psychology, University of New South Wales","Department of Social and Decision Sciences, Carnegie Mellon University"
2016,"Global Change Institute, The University of QueenslandSchool of Psychology, University of Western Australia","School of Psychology, University of Western AustraliaSchool of Experimental Psychology and Cabot Institute, University of Bristol"
2016,"Department of Psychological Sciences, Birkbeck, University of London","Department of Experimental Psychology, University College London","School of Psychology, Cardiff University"
2016,"Psychology, University of Exeter","School of Psychology, Cardiff University"
2016,"Department of Psychology, University of Washington","Department of Psychology, University of Washington"
2016,"Center for Adaptive Behavior and Cognition, Max Planck Institute for Human DevelopmentSanta Fe Institute","Center for Adaptive Behavior and Cognition, Max Planck Institute for Human Development","Center for Adaptive Behavior and Cognition, Max Planck Institute for Human DevelopmentDepartment of Psychology, Social Psychology and Decision Sciences, University of Konstanz"
2016,"Institute of Artificial Intelligence, University of Groningen","Institute of Artificial Intelligence, University of Groningen","Institute of Artificial Intelligence, University of Groningen","Institute of Artificial Intelligence, University of Groningen"
2016,"Laboratory of Psychology and Neurocognition, University Grenoble Alpes, FranceJoint Research Center 5105, Laboratory of Psychology and Neurcognition, and CNRS, France","Laboratory of Psychology and Neurocognition, University Grenoble Alpes, FranceJoint Research Center 5105, Laboratory of Psychology and Neurcognition, and CNRS, France","Laboratory of Psychology and Neurocognition, University Grenoble Alpes, FranceJoint Research Center 5105, Laboratory of Psychology and Neurcognition, and CNRS, France","Laboratory for the Study of Cognitive Mechanisms, University of Lyon 2, France"
2016,"Department of Psychology, University of Amsterdam"
2016,"Electrical Engineering & Computer Science Department, University of Michigan","Electrical Engineering & Computer Science Department, University of Michigan","Battlespace Acoustics Branch, Air Force Research Laboratory, Wright-Patterson AFB","Battlespace Acoustics Branch, Air Force Research Laboratory, Wright-Patterson AFB","Battlespace Acoustics Branch, Air Force Research Laboratory, Wright-Patterson AFB"
2016,"Department of Experimental Psychology, University of GroningenBehavioral and Cognitive Neuroscience, University of GroningenDepartment of Psychometrics and Statistics, University of Groningen","Research School of Behavioral and Social Sciences, University of Groningen","Department of Psychometrics and Statistics, University of Groningen","Department of Experimental Psychology, University of GroningenBehavioral and Cognitive Neuroscience, University of GroningenDepartment of Psychometrics and Statistics, University of Groningen"
2016,"Department of Artificial Intelligence, University of Groningen","Department of Artificial Intelligence, University of Groningen","Department of Artificial Intelligence, University of Groningen"
2016,"Department of Psychology, University of California, San Diego","Department of Psychology, University of California, San Diego"
